# The six best-fitting templates of best_fits.csv on the 171 bins of the Planck PR4 release (x = k1/k3, y = k2/k3), each
# normalised to 1 at the equilateral point and evaluated at k_i^((4 - n_s)/3) with n_s = 0.9660499, the convention of the
# release. With the release's data and covariance, the estimator applied to these columns returns best_fits.csv.
x,y,S_0_over_S11,S_1par_over_S11,S_1perp_over_S11,S_LI_over_S11,S_2_over_S11,S_3_over_S11
1.000000,1.000000,1.0000000000e+00,1.0000000000e+00,1.0000000000e+00,1.0000000000e+00,1.0000000000e+00,1.0000000000e+00
0.917004,0.917004,9.6854595885e-01,9.7182879313e-01,9.7946681755e-01,9.7578368899e-01,9.2675840506e-01,9.6798926168e-01
0.840896,0.840896,8.7487812825e-01,8.8616608871e-01,9.0518328545e-01,8.9014156240e-01,7.0633270375e-01,8.7076713317e-01
0.771105,0.771105,7.2300708650e-01,7.4388977297e-01,7.5284990298e-01,7.1934756924e-01,3.4158157204e-01,7.0966190741e-01
0.707107,0.707107,5.2074425728e-01,5.4965676060e-01,4.8923891662e-01,4.3277403152e-01,-1.5935953343e-01,4.9015988592e-01
0.648420,0.648420,2.7927880810e-01,3.1221188074e-01,6.9241359336e-02,-9.0019810997e-03,-7.8318110504e-01,2.2166415526e-01
0.594604,0.594604,1.2491349070e-02,4.4551215477e-02,-5.6793103871e-01,-6.5655268903e-01,-1.5117299356e+00,-8.3040937371e-02
0.545254,0.545254,-2.6396787773e-01,-2.3613801424e-01,-1.5035870921e+00,-1.5745035072e+00,-2.3225683318e+00,-4.0859203946e-01
0.500000,0.500000,-5.3378453878e-01,-5.0885340170e-01,-2.8456702959e+00,-2.8450886690e+00,-3.1897511082e+00,-7.3806466084e-01
0.917004,1.000000,9.6918394357e-01,9.7318266470e-01,9.8442975338e-01,9.8112609909e-01,9.2836268114e-01,9.6957196385e-01
0.840896,0.917004,9.0755898660e-01,9.1824852687e-01,9.4462477686e-01,9.3432104215e-01,7.8389673541e-01,9.0728422257e-01
0.771105,0.840896,7.8567214485e-01,8.0611681589e-01,8.3943850921e-01,8.1458257666e-01,4.9356636054e-01,7.8032243641e-01
0.707107,0.771105,6.0941895440e-01,6.3945838071e-01,6.4054417691e-01,5.9502128050e-01,6.2810383970e-02,5.9203028100e-01
0.648420,0.707107,3.8830344030e-01,4.2488257799e-01,3.0930940419e-01,2.4095215767e-01,-4.9769069792e-01,3.4981057602e-01
0.594604,0.648420,1.3488393443e-01,1.7318065985e-01,-2.0655291049e-01,-2.9221734543e-01,-1.1722285284e+00,6.4738926945e-02
0.545254,0.594604,-1.3603268260e-01,-1.0061262309e-01,-9.7727324580e-01,-1.0616028151e+00,-1.9405100292e+00,-2.4910534001e-01
0.500000,0.545254,-4.0840891630e-01,-3.7742519053e-01,-2.0964673484e+00,-2.1400573792e+00,-2.7783251787e+00,-5.7555171548e-01
0.840896,1.000000,8.7989045236e-01,8.9680688280e-01,9.4548884197e-01,9.3330328424e-01,7.1900772145e-01,8.8324109721e-01
0.771105,0.917004,7.9182528649e-01,8.1918063483e-01,8.9058041946e-01,8.6906657631e-01,5.0921330021e-01,7.9568356191e-01
0.707107,0.840896,6.4720208785e-01,6.8605897572e-01,7.5605345236e-01,7.1819315706e-01,1.5717033147e-01,6.4567887067e-01
0.648420,0.771105,4.5359808295e-01,5.0187594765e-01,5.0914571746e-01,4.5036270022e-01,-3.2923731650e-01,4.3838267922e-01
0.594604,0.707107,2.2191494047e-01,2.7511486307e-01,1.0523883383e-01,2.6463983369e-02,-9.3699489170e-01,1.8281175515e-01
0.545254,0.648420,-3.4295973488e-02,1.8467308690e-02,-5.1592409746e-01,-6.0375321241e-01,-1.6482789334e+00,-1.0867407897e-01
0.500000,0.594604,-2.9974140656e-01,-2.5122918367e-01,-1.4350610164e+00,-1.5045754481e+00,-2.4410069694e+00,-4.2115398457e-01
0.458502,0.545254,-5.5847572849e-01,-5.1336494666e-01,-2.7594432185e+00,-2.7578741472e+00,-3.2896039631e+00,-7.3814202580e-01
0.771105,1.000000,7.3942172615e-01,7.7873607626e-01,8.9231216786e-01,8.6741741382e-01,3.8347722341e-01,7.5072536175e-01
0.707107,0.917004,6.3019160017e-01,6.8352823332e-01,8.2493855448e-01,7.8947820519e-01,1.1621922795e-01,6.4420837520e-01
0.648420,0.840896,4.6962900691e-01,5.3581743349e-01,6.6106252420e-01,6.0898128737e-01,-2.8757109358e-01,4.7889144103e-01
0.594604,0.771105,2.6672100719e-01,3.4173011841e-01,3.6301628504e-01,2.9186606597e-01,-8.1775564948e-01,2.6146711847e-01
0.545254,0.707107,3.3413788954e-02,1.1149353884e-01,-1.2045924315e-01,-2.0582173815e-01,-1.4592469670e+00,2.2065200334e-03
0.500000,0.648420,-2.1616763759e-01,-1.4050926786e-01,-8.5846873403e-01,-9.4053305706e-01,-2.1924337085e+00,-2.8567224863e-01
0.458502,0.594604,-4.6670741397e-01,-3.9594597841e-01,-1.9433638572e+00,-1.9844162917e+00,-2.9938284334e+00,-5.8687459921e-01
0.707107,1.000000,5.5805082104e-01,6.2873675150e-01,8.3142428875e-01,7.9182956742e-01,-6.2916664774e-02,5.8415147859e-01
0.648420,0.917004,4.3412718057e-01,5.2180882644e-01,7.5308313599e-01,7.0278511897e-01,-3.7816422398e-01,4.6582917044e-01
0.594604,0.840896,2.6532305056e-01,3.6651072573e-01,5.5860131182e-01,4.9297491575e-01,-8.2237159770e-01,2.9344599333e-01
0.545254,0.771105,6.1707708108e-02,1.7054404578e-01,2.0487743045e-01,1.2424872539e-01,-1.3833850724e+00,7.4903124383e-02
0.500000,0.707107,-1.6412339716e-01,-5.4306205533e-02,-3.6671290338e-01,-4.5265427280e-01,-2.0443472756e+00,-1.7866883894e-01
0.458502,0.648420,-3.9791521796e-01,-2.9223901169e-01,-1.2350836760e+00,-1.3009831578e+00,-2.7842188682e+00,-4.5363291748e-01
0.420448,0.594604,-6.2479541471e-01,-5.2380397485e-01,-2.5054654745e+00,-2.5015024474e+00,-3.5785138649e+00,-7.3477749901e-01
0.648420,1.000000,3.4832614578e-01,4.5791120331e-01,7.6747292144e-01,7.1293982281e-01,-6.0180362907e-01,3.9715206963e-01
0.594604,0.917004,2.1696897410e-01,3.4556729031e-01,6.7880601019e-01,6.1448079625e-01,-9.5435414754e-01,2.7452589759e-01
0.545254,0.840896,4.8066042501e-02,1.8994242009e-01,4.5144252925e-01,3.7465089335e-01,-1.4267168853e+00,1.0330582947e-01
0.500000,0.771105,-1.4759937673e-01,1.4624512509e-04,3.6264692573e-02,-4.9177910073e-02,-2.0050000668e+00,-1.0775929780e-01
0.458502,0.707107,-3.5720194443e-01,-2.1072187598e-01,-6.3350927245e-01,-7.1208248903e-01,-2.6709104070e+00,-3.4708672555e-01
0.420448,0.648420,-5.6680396909e-01,-4.2577766742e-01,-1.6476459593e+00,-1.6847619834e+00,-3.4023618995e+00,-6.0104953764e-01
0.594604,1.000000,1.2426676444e-01,2.7809488903e-01,7.0376762840e-01,6.3561863024e-01,-1.2125330252e+00,2.0390131162e-01
0.545254,0.917004,-6.9166410271e-03,1.6675679798e-01,6.0476572017e-01,5.2869864341e-01,-1.5909027061e+00,8.4321994822e-02
0.500000,0.840896,-1.6780190477e-01,1.7966691315e-02,3.4138433497e-01,2.5726024478e-01,-2.0786690211e+00,-7.8031291294e-02
0.458502,0.771105,-3.4728361851e-01,-1.5797489208e-01,-1.4214596278e-01,-2.2622865773e-01,-2.6605092431e+00,-2.7393433820e-01
0.420448,0.707107,-5.3273074948e-01,-3.4695137808e-01,-9.2162217564e-01,-9.8321654372e-01,-3.3170489026e+00,-4.9174955502e-01
0.385553,0.648420,-7.1095326276e-01,-5.3138222327e-01,-2.0987876656e+00,-2.0925598313e+00,-4.0255469385e+00,-7.1825621905e-01
0.545254,1.000000,-9.9500807946e-02,1.0122710261e-01,6.4267013046e-01,5.6353433112e-01,-1.8729833616e+00,1.8158127889e-02
0.500000,0.917004,-2.2300419639e-01,-2.8987948536e-03,5.3281731057e-01,4.4849610790e-01,-2.2653087595e+00,-9.1640034570e-02
0.458502,0.840896,-3.6824043917e-01,-1.3815275384e-01,2.2952693563e-01,1.4307309046e-01,-2.7556690748e+00,-2.3840134068e-01
0.420448,0.771105,-5.2417939022e-01,-2.9330681139e-01,-3.3030813945e-01,-4.0563517966e-01,-3.3276376234e+00,-4.1278894606e-01
0.385553,0.707107,-6.7879366883e-01,-4.5356966125e-01,-1.2324229198e+00,-1.2660510229e+00,-3.9611238161e+00,-6.0347695568e-01
0.353553,0.648420,-8.2003386576e-01,-6.0108937823e-01,-2.5917426051e+00,-2.5259522315e+00,-4.6331225856e+00,-7.9799474322e-01
0.500000,1.000000,-3.0861275500e-01,-6.1287093470e-02,5.8587239016e-01,4.9940022954e-01,-2.5603712311e+00,-1.4761783812e-01
0.458502,0.917004,-4.1746050730e-01,-1.5253818420e-01,4.6424489987e-01,3.7606837775e-01,-2.9548136915e+00,-2.4192000781e-01
0.420448,0.840896,-5.4032200415e-01,-2.6836236188e-01,1.1646524918e-01,3.3562155641e-02,-3.4353092148e+00,-3.6771110032e-01
0.385553,0.771105,-6.6662689876e-01,-3.9690604066e-01,-5.2864732882e-01,-5.8689004286e-01,-3.9846644093e+00,-5.1587561360e-01
0.353553,0.707107,-7.8532691298e-01,-5.2307803127e-01,-1.5677534610e+00,-1.5613346071e+00,-4.5824378838e+00,-6.7571711463e-01
0.458502,1.000000,-4.8979495393e-01,-1.9919663544e-01,5.3459045268e-01,4.4516024404e-01,-3.2520305948e+00,-2.8302024392e-01
0.420448,0.917004,-5.7792876178e-01,-2.7276038979e-01,3.9992156434e-01,3.1290873417e-01,-3.6371542481e+00,-3.5744683470e-01
0.385553,0.840896,-6.7295428916e-01,-3.6438247451e-01,2.4190275358e-03,-7.0459917258e-02,-4.0960492516e+00,-4.5849949132e-01
0.353553,0.771105,-7.6511490421e-01,-4.6191203520e-01,-7.3795703533e-01,-7.7013075876e-01,-4.6110936849e+00,-5.7757283744e-01
0.324210,0.707107,-8.4466563063e-01,-5.5034850635e-01,-1.9298461003e+00,-1.8704744520e+00,-5.1618514362e+00,-7.0485477965e-01
0.420448,1.000000,-6.3160065921e-01,-3.0397202413e-01,4.8969565326e-01,4.0212844970e-01,-3.9261371619e+00,-3.8027444915e-01
0.385553,0.917004,-6.9420223751e-01,-3.5615097691e-01,3.4041546908e-01,2.5992920957e-01,-4.2912493180e+00,-4.3199217629e-01
0.353553,0.840896,-7.5747308001e-01,-4.2017794310e-01,-1.1268307624e-01,-1.6873736374e-01,-4.7178569715e+00,-5.0629279603e-01
0.324210,0.771105,-8.1277741657e-01,-4.8394488880e-01,-9.5933447424e-01,-9.5605319042e-01,-5.1882400112e+00,-5.9531186354e-01
0.297302,0.707107,-8.5193186677e-01,-5.3292885769e-01,-2.3212775983e+00,-2.1954660920e+00,-5.6823057852e+00,-6.9030404648e-01
0.385553,1.000000,-7.2501912963e-01,-3.6928376716e-01,4.5179988461e-01,3.7109469702e-01,-4.5623569439e+00,-4.3460896194e-01
0.353553,0.917004,-7.5875216908e-01,-3.9769995544e-01,2.8605688146e-01,2.1755234474e-01,-4.8978020839e+00,-4.6242771088e-01
0.324210,0.840896,-7.8807524514e-01,-4.3230038558e-01,-2.2915275546e-01,-2.6149272723e-01,-5.2827562205e+00,-5.0973923822e-01
0.297302,0.771105,-8.0572021619e-01,-4.6135496002e-01,-1.1941449031e+00,-1.1458461191e+00,-5.6997155386e+00,-5.6958436317e-01
0.353553,1.000000,-7.6392410868e-01,-3.9135620965e-01,4.2130783787e-01,3.5240585518e-01,-5.1424026815e+00,-4.4440448865e-01
0.324210,0.917004,-7.6708392313e-01,-3.9507851146e-01,2.3697739765e-01,1.8578243468e-01,-5.4398036562e+00,-4.4875896204e-01
0.297302,0.840896,-7.6207206453e-01,-4.0007339928e-01,-3.4751477567e-01,-3.4936563619e-01,-5.7752713821e+00,-4.7052458952e-01
0.272627,0.771105,-7.4316411907e-01,-3.9530164405e-01,-1.4440061237e+00,-1.3411407168e+00,-6.1318099050e+00,-5.0374143495e-01
0.324210,1.000000,-7.4534150512e-01,-3.6916751513e-01,3.9844628199e-01,3.4603007741e-01,-5.6504865323e+00,-4.1112146058e-01
0.297302,0.917004,-7.1790672338e-01,-3.4875010098e-01,1.9313023109e-01,1.6426268642e-01,-5.9029289686e+00,-3.9394469136e-01
0.272627,0.840896,-6.7995461074e-01,-3.2560250335e-01,-4.6849548680e-01,-4.3336342850e-01,-6.1827614918e+00,-3.9308585101e-01
0.250000,0.771105,-6.2740352518e-01,-2.8965079165e-01,-1.7107866373e+00,-1.5439703199e+00,-6.4737586544e+00,-4.0360862743e-01
0.297302,1.000000,-6.6952716297e-01,-3.0447651187e-01,3.8327821783e-01,3.5160964930e-01,-6.0736620284e+00,-3.3902248072e-01
0.272627,0.917004,-6.1311394224e-01,-2.6190313152e-01,1.5429844508e-01,1.5232306058e-01,-6.2758202256e+00,-3.0352556131e-01
0.250000,0.840896,-5.4527462047e-01,-2.1360473380e-01,-5.9302117167e-01,-5.1481960526e-01,-6.4956415841e+00,-2.8415352521e-01
0.229251,0.771105,-4.6359014756e-01,-1.5069450519e-01,-1.9966123944e+00,-1.7567372005e+00,-6.7179000676e+00,-2.7695354189e-01
0.272627,1.000000,-5.3985744570e-01,-2.0167014547e-01,3.7570805493e-01,3.6850653243e-01,-6.4020526873e+00,-2.3471980848e-01
0.250000,0.917004,-4.5758261693e-01,-1.4020632536e-01,1.2009651993e-01,1.4902225328e-01,-6.5502573992e+00,-1.8509810285e-01
0.229251,0.840896,-3.6435542474e-01,-7.1067168396e-02,-7.2222161698e-01,-5.9535728994e-01,-6.7074928676e+00,-1.5216362918e-01
0.250000,1.000000,-3.6254665530e-01,-6.7439440179e-02,3.7548258182e-01,3.9584349768e-01,-6.6289686865e+00,-1.0658888213e-01
0.229251,0.917004,-2.5881150574e-01,8.5978730034e-03,8.9969398535e-02,1.5318618631e-01,-6.7212190798e+00,-4.7679139557e-02
0.210224,0.840896,-1.4585724064e-01,9.3242377772e-02,-8.5743539722e-01,-6.7685582346e-01,-6.8150668649e+00,-6.5877064134e-03
0.229251,1.000000,-1.4621525071e-01,8.9694141829e-02,3.8219138129e-01,4.3254278534e-01,-6.7509165950e+00,3.5903766675e-02
0.210224,0.917004,-2.6425971938e-02,1.7523322085e-01,6.3192134939e-02,1.6344452448e-01,-6.7868403018e+00,9.8988794885e-02
0.192776,0.840896,9.9771150761e-02,2.6937719554e-01,-1.0002143046e+00,-7.6141938197e-01,-6.8181916786e+00,1.4276767705e-01
0.210224,1.000000,9.8659209928e-02,2.5996785341e-01,3.9526938747e-01,4.7736347091e-01,-6.7675102090e+00,1.8290638424e-01
0.192776,0.917004,2.2841531014e-01,3.4952353514e-01,3.8872380601e-02,1.7826607051e-01,-6.7482767368e+00,2.4513910435e-01
0.176777,0.840896,3.6091705397e-01,4.4688182305e-01,-1.1523251694e+00,-8.5134708193e-01,-6.7195910010e+00,2.8644118344e-01
0.192776,1.000000,3.6037098765e-01,4.3303904635e-01,4.1400344448e-01,5.2893813067e-01,-6.6812930388e+00,3.2487034693e-01
0.176777,0.917004,4.9367272833e-01,5.2107381063e-01,1.5957164508e-02,1.9599338326e-01,-6.6094868421e+00,3.8164037435e-01
0.162105,0.840896,6.2546497547e-01,6.1548123407e-01,-1.3157480355e+00,-9.4910446683e-01,-6.5246283543e+00,4.1593033584e-01
0.176777,1.000000,6.2665472934e-01,5.9867016919e-01,4.3754398362e-01,5.8580896560e-01,-6.4974848997e+00,4.5317392933e-01
0.162105,0.917004,7.5709671167e-01,6.7994878867e-01,-6.7552771253e-03,2.1487659501e-01,-6.3769451557e+00,5.0056970213e-01
0.162105,1.000000,8.8535338897e-01,7.4738768243e-01,4.6492227697e-01,6.4646323377e-01,-6.2236663834e+00,5.6064187040e-01
0.148651,0.917004,1.0068781002e+00,8.1730032467e-01,-3.0598464943e-02,2.3310615422e-01,-6.0593009519e+00,5.9566540112e-01
0.148651,1.000000,1.1250476566e+00,8.7106834328e-01,4.9507314975e-01,7.0936763822e-01,-5.8694157371e+00,6.4193102516e-01
0.136313,0.917004,1.2322423053e+00,9.2590011082e-01,-5.7015830159e-02,2.4884405586e-01,-5.6669969492e+00,6.6263517592e-01
0.136313,1.000000,1.3356136672e+00,9.6341322478e-01,5.2686254261e-01,7.7300119644e-01,-5.4459128988e+00,6.9376385963e-01
0.125000,0.917004,1.4239572087e+00,1.0005429148e+00,-8.7534861382e-02,2.6025304416e-01,-5.2118627211e+00,6.9930774450e-01
0.125000,1.000000,1.5086820787e+00,1.0202797291e+00,5.5911892567e-01,8.3588607124e-01,-4.9655251731e+00,7.1500362133e-01
0.114626,0.917004,1.5747317142e+00,1.0382965569e+00,-1.2373839113e-01,2.6552325916e-01,-4.7066969714e+00,7.0562787858e-01
0.114626,1.000000,1.6379790796e+00,1.0398537010e+00,5.9066728396e-01,8.9661585623e-01,-4.4413883391e+00,7.0657675538e-01
0.105112,0.917004,1.6794896899e+00,1.0385873640e+00,-1.6723443553e-01,2.6289580952e-01,-4.1648519527e+00,6.8350603220e-01
0.105112,1.000000,1.7195379419e+00,1.0226565212e+00,6.2036419675e-01,9.5388083938e-01,-3.8869959337e+00,6.7125867579e-01
0.096388,0.917004,1.7355121597e+00,1.0031225774e+00,-2.1962604938e-01,2.5068283950e-01,-3.5998320967e+00,6.3654335671e-01
0.096388,1.000000,1.7517778358e+00,9.7139448875e-01,6.4713247876e-01,1.0064898672e+00,-3.3158081116e+00,6.1334765006e-01
0.088388,0.917004,1.7424485000e+00,9.3566317987e-01,-2.8248279273e-01,2.2728371591e-01,-3.0249174638e+00,5.6966034115e-01
0.088388,1.000000,1.7354542629e+00,8.9066909116e-01,6.6999385035e-01,1.0533885027e+00,-2.7408899202e+00,5.3825778853e-01
0.081052,1.000000,1.6734922491e+00,7.8657587393e-01,6.8809823806e-01,1.0936732952e+00,-2.1745871217e+00,4.5206567692e-01
0.074325,1.000000,1.5707190373e+00,6.6622616659e-01,7.0074847541e-01,1.1266020711e+00,-1.6282458955e+00,3.6104596637e-01
0.068157,1.000000,1.4335172231e+00,5.3722941696e-01,7.0741942941e-01,1.1516002670e+00,-1.1119809392e+00,2.7122940103e-01
0.062500,1.000000,1.2694219865e+00,4.0717438307e-01,7.0777086110e-01,1.1682634218e+00,-6.3449470715e-01,1.8801264724e-01
0.057313,1.000000,1.0866872485e+00,2.8314506313e-01,7.0165362786e-01,1.1763560235e+00,-2.0294882095e-01,1.1584335620e-01
0.052556,1.000000,8.9384533728e-01,1.7130240202e-01,6.8910915136e-01,1.1758069884e+00,1.7711288528e-01,5.7996731868e-02
0.048194,1.000000,6.9928318499e-01,7.6556066212e-02,6.7036236575e-01,1.1667021017e+00,5.0179164416e-01,1.6452090083e-02
0.044194,1.000000,5.1085543826e-01,2.3425581239e-03,6.4580863129e-01,1.1492737984e+00,7.6881455195e-01,-8.1298908022e-03
0.040526,1.000000,3.3555135573e-01,-4.9482661586e-02,6.1599532673e-01,1.1238886907e+00,9.7747311447e-01,-1.6335752820e-02
0.037163,1.000000,1.7922827891e-01,-7.8639892309e-02,5.8159902045e-01,1.0910332686e+00,1.1285245973e+00,-9.8463848051e-03
0.034078,1.000000,4.6420039877e-02,-8.6315413666e-02,5.4339925294e-01,1.0512982037e+00,1.2240618481e+00,8.7798205361e-03
0.031250,1.000000,-5.9775809677e-02,-7.4962476793e-02,5.0225004259e-01,1.0053616826e+00,1.2673576577e+00,3.6367149575e-02
0.028656,1.000000,-1.3773237451e-01,-4.8033364382e-02,4.5905025633e-01,9.5397218057e-01,1.2626899241e+00,6.9404054245e-02
0.026278,1.000000,-1.8725375150e-01,-9.6660255704e-03,4.1471396435e-01,8.9793106243e-01,1.2151538902e+00,1.0432419200e-01
0.024097,1.000000,-2.0946906032e-01,3.5649887904e-02,3.7014183345e-01,8.3807536990e-01,1.1304675580e+00,1.3776708860e-01
0.022097,1.000000,-2.0667061197e-01,8.3403279792e-02,3.2619451025e-01,7.7526111870e-01,1.0147760635e+00,1.6680159479e-01
0.020263,1.000000,-1.8210861238e-01,1.2936602481e-01,2.8366881182e-01,7.1034739150e-01,8.7446034536e-01,1.8909935742e-01
0.018581,1.000000,-1.3975596739e-01,1.6985293741e-01,2.4327738543e-01,6.4418147156e-01,7.1595488157e-01,2.0305015812e-01
0.017039,1.000000,-8.4057144272e-02,2.0192322964e-01,2.0563232869e-01,5.7758522075e-01,5.4557863007e-01,2.0781580561e-01
0.015625,1.000000,-1.9674704098e-02,2.2351453805e-01,1.7123308471e-01,5.1134286310e-01,3.6938260878e-01,2.0332393690e-01
0.014328,1.000000,4.8753873754e-02,2.3350594489e-01,1.4045875177e-01,4.4619029441e-01,1.9301682063e-01,1.9020726730e-01
0.013139,1.000000,1.1683799469e-01,2.3171157528e-01,1.1356477902e-01,3.8280599818e-01,2.1618484309e-02,1.6969726841e-01
0.012049,1.000000,1.8062526278e-01,2.1881097773e-01,9.0683865848e-02,3.2180361100e-01,-1.4027720159e-01,1.4348376159e-01
0.011049,1.000000,2.3675544213e-01,1.9622631506e-01,7.1830746925e-02,2.6372614530e-01,-2.8880323777e-01,1.1355339121e-01
0.010132,1.000000,2.8257260989e-01,1.6595920817e-01,5.6910430890e-02,2.0904184595e-01,-4.2080408377e-01,8.2020364541e-02
0.009291,1.000000,3.1619347313e-01,1.3040177411e-01,4.5729371444e-02,1.5814162832e-01,-5.3385673533e-01,5.0962272978e-02
0.008520,1.000000,3.3653214749e-01,9.2136960624e-02,3.8008985492e-02,1.1133802115e-01,-6.2627088715e-01,2.2272366686e-02
0.007812,1.000000,3.4328381423e-01,5.3742754396e-02,3.3400895050e-02,6.8865515942e-02,-6.9706990110e-01,-2.4624835944e-03
0.007164,1.000000,3.3687149471e-01,1.7613357834e-02,3.1503256651e-02,3.0882207666e-02,-7.4595466799e-01,-2.2051524773e-02
0.006570,1.000000,3.1836164218e-01,-1.4191828888e-02,3.1877552552e-02,-2.5274025463e-03,-7.7325273279e-01,-3.5753822215e-02
0.006024,1.000000,2.8935530983e-01,-4.0063398025e-02,3.4065249736e-02,-3.1348581773e-02,-7.7985524777e-01,-4.3295088134e-02
0.005524,1.000000,2.5186229066e-01,-5.8916404802e-02,3.7603782799e-02,-5.5631662746e-02,-7.6714442855e-01,-4.4849521335e-02
0.005066,1.000000,2.0816584343e-01,-7.0222431073e-02,4.2041381874e-02,-7.5486613745e-02,-7.3691421759e-01,-4.0990897043e-02
0.004645,1.000000,1.6068544564e-01,-7.4000607283e-02,4.6950343340e-02,-9.1077030832e-02,-6.9128681465e-01,-3.2618998734e-02
0.004260,1.000000,1.1184448747e-01,-7.0771661416e-02,5.1938425473e-02,-1.0261370008e-01,-6.3262762238e-01,-2.0868743994e-02
0.003906,1.000000,6.3948998661e-02,-6.1481261185e-02,5.6658139915e-02,-1.1034787285e-01,-5.6346098455e-01,-7.0099828718e-03
0.003582,1.000000,1.9082446025e-02,-4.7400498456e-02,6.0813799330e-02,-1.1456439034e-01,-4.8638887541e-01,7.6540521992e-03
0.003285,1.000000,-2.0979573748e-02,-3.0012276478e-02,6.4166268711e-02,-1.1557478528e-01,-4.0401444036e-01,2.1882237722e-02
0.003012,1.000000,-5.4832221558e-02,-1.0892593457e-02,6.6535449674e-02,-1.1371047818e-01,-3.1887200094e-01,3.4578640856e-02
0.002762,1.000000,-8.1480674594e-02,8.4046880479e-03,6.7800601379e-02,-1.0931617482e-01,-2.3336483151e-01,4.4858264289e-02
0.002533,1.000000,-1.0035581187e-01,2.6451956987e-02,6.7898666393e-02,-1.0274355908e-01,-1.4971169921e-01,5.2092185120e-02
0.002323,1.000000,-1.1130753781e-01,4.2034629425e-02,6.6820823467e-02,-9.4345362807e-02,-6.9902844604e-02,5.5930572261e-02
0.002130,1.000000,-1.1457795447e-01,5.4216072338e-02,6.4607530955e-02,-8.4469881156e-02,4.3342268870e-03,5.6303782420e-02
0.001953,1.000000,-1.1075739945e-01,6.2378043843e-02,6.1342353894e-02,-7.3455988866e-02,7.1559063092e-02,5.3403292052e-02
0.001791,1.000000,-1.0072695680e-01,6.6235921057e-02,5.7144884689e-02,-6.1628699865e-02,1.3063288198e-01,4.7645522963e-02
0.001642,1.000000,-8.5591411437e-02,6.5829780115e-02,5.2163072309e-02,-4.9295300046e-02,1.8072391734e-01,3.9622591225e-02
0.001506,1.000000,-6.6606754847e-02,6.1493962738e-02,4.6565268772e-02,-3.6742071009e-02,2.2130413296e-01,3.0044610000e-02
0.001381,1.000000,-4.5106273078e-02,5.3809020923e-02,4.0532285496e-02,-2.4231611202e-02,2.5213811993e-01,1.9678395010e-02
0.001266,1.000000,-2.2428979507e-02,4.3540815528e-02,3.4249727349e-02,-1.2000750378e-02,2.7326513048e-01,9.2872729236e-03
0.001161,1.000000,1.4627652940e-04,3.1572026727e-02,2.7900840375e-02,-2.5904375641e-04,2.8497530354e-01,-4.2378029814e-04
0.001065,1.000000,2.1458253345e-02,1.8831414715e-02,2.1660071989e-02,1.0812176283e-02,2.8778120247e-01,-8.8541812955e-03
